content,bv
今天老公不在家，悄悄跟大家偷情,BV1rFZQB4EQN
说我唱歌难听的你们完蛋了,BV1okZ1BeE7j
请世界对智障多一点包容感,BV1ZLwAzdEVc
我地球online的操纵杆没加载出来，必须差评！,BV1FgwvzHE6r
为什么不叫我大奶兔,BV1Z5XCBjE5j
我是很多人的梦中情兔啊,BV183N3zVEg8
山东大坝,BV1dqAJzzEyw
我闺蜜的假前夫是gay,BV1UickzQE9j
因为完全不懂英文，所以steam账号就没被骗走,BV1UCwXzDEx6
我经常在夹缝中看小说，上面一个屁股，下面一个屁股,BV1QzPYzzEPc
（木瓜）吃了半个月也没见胸长一点,BV1smNAz1ELU
旅游攻略做的好，就算推着轮椅也要接着玩,BV1C4w4ziESn
女寝一起看电影,BV1UyPYzKE9o
【莉曲】彩虹糖的梦,BV1LSfHBvEAh
【莉曲】骗赖,BV1rxQfBcEbQ
【莉曲】蒄手指月,BV1LSzuBEEAR
【莉曲】荷塘月色,BV12F6GBGEbk
【莉曲】爱如火,BV1iUfHBKEyE
【莉曲】王妃,BV12DX7BdEEu
【莉曲】有点甜,BV1146PBQEnT
【莉曲】百万个吻,BV16tQfBfEWA
